ID	adj.P.Val	P.Value	logFC	miRNA_ID
hsa-miR-93-5p	0.037	0.0000446	2.59557	hsa-miR-93-5p
hsa-miR-223-3p	0.0683	0.0003138	1.29245	hsa-miR-223-3p
hsa-miR-19a-3p	0.0683	0.00039	2.54828	hsa-miR-19a-3p
hsa-miR-181a-5p	0.0683	0.0004008	1.60101	hsa-miR-181a-5p
hsa-miR-6721-5p	0.0683	0.0004122	-0.79649	hsa-miR-6721-5p
hsa-miR-518b	0.0797	0.0005777	-1.0736	hsa-miR-518b
hsa-miR-579-3p	0.085	0.0007182	-0.78533	hsa-miR-579-3p
hsa-miR-4443	0.093	0.0010412	-0.55014	hsa-miR-4443
hsa-miR-128-3p	0.093	0.0011719	-0.85107	hsa-miR-128-3p
hsa-miR-1183	0.093	0.0012028	-0.76991	hsa-miR-1183
hsa-miR-19b-3p	0.093	0.0014119	2.73176	hsa-miR-19b-3p
hsa-miR-297	0.093	0.001457	-0.73582	hsa-miR-297
hsa-miR-142-3p	0.093	0.0014599	1.0047	hsa-miR-142-3p
hsa-miR-23a-3p	0.1163	0.0029378	1.11148	hsa-miR-23a-3p
hsa-miR-15b-5p	0.1163	0.0036328	1.0185	hsa-miR-15b-5p
hsa-miR-221-3p	0.1163	0.0037403	1.5186	hsa-miR-221-3p
hsa-miR-548h-5p	0.1163	0.0038691	-0.55934	hsa-miR-548h-5p
hsa-miR-363-5p	0.1163	0.0042386	1.38251	hsa-miR-363-5p
hsa-miR-199a-3p+hsa-miR-199b-3p	0.1163	0.004317	2.07783	hsa-miR-199a-3p+hsa-miR-199b-3p
hsa-miR-4536-5p	0.1163	0.0043229	-0.80371	hsa-miR-4536-5p
hsa-miR-548v	0.1163	0.0043882	-1.28734	hsa-miR-548v
hsa-miR-582-3p	0.1163	0.0044691	-0.4819	hsa-miR-582-3p
hsa-miR-764	0.1163	0.0045767	-0.59368	hsa-miR-764
hsa-miR-1271-5p	0.1163	0.0046196	-0.56357	hsa-miR-1271-5p
hsa-miR-940	0.1163	0.0046526	-0.54565	hsa-miR-940
hsa-miR-155-5p	0.1163	0.0047381	-0.62353	hsa-miR-155-5p
hsa-miR-192-5p	0.1163	0.0049866	-0.61091	hsa-miR-192-5p
hsa-miR-452-5p	0.1163	0.0051707	-0.44945	hsa-miR-452-5p
hsa-miR-378e	0.1163	0.0051958	-0.83577	hsa-miR-378e
hsa-miR-494-3p	0.1163	0.0053846	-0.53617	hsa-miR-494-3p
hsa-miR-26b-5p	0.1163	0.0054505	1.65846	hsa-miR-26b-5p
hsa-miR-513c-3p	0.1163	0.0056707	-0.50551	hsa-miR-513c-3p
hsa-miR-3065-5p	0.1163	0.0059728	-0.50046	hsa-miR-3065-5p
hsa-miR-1288-3p	0.1163	0.0060208	-0.73222	hsa-miR-1288-3p
hsa-miR-933	0.1163	0.00634	-1.03294	hsa-miR-933
hsa-miR-143-3p	0.1163	0.0064118	-0.64331	hsa-miR-143-3p
hsa-miR-126-3p	0.1163	0.0064355	0.60759	hsa-miR-126-3p
hsa-miR-873-3p	0.1163	0.006544	-0.50636	hsa-miR-873-3p
hsa-miR-517b-3p	0.1163	0.0072417	-0.71845	hsa-miR-517b-3p
hsa-miR-1268b	0.1163	0.0073162	-1.18011	hsa-miR-1268b
hsa-miR-211-3p	0.1163	0.0073471	-0.81556	hsa-miR-211-3p
hsa-miR-378i	0.1163	0.0074558	-0.62947	hsa-miR-378i
hsa-miR-758-5p	0.1163	0.0078204	-0.75408	hsa-miR-758-5p
hsa-miR-494-5p	0.1163	0.0083426	-0.68716	hsa-miR-494-5p
hsa-miR-652-3p	0.1163	0.0085812	-0.47347	hsa-miR-652-3p
hsa-miR-1283	0.1163	0.0087091	-0.65211	hsa-miR-1283
hsa-miR-144-3p	0.1163	0.0088982	1.04288	hsa-miR-144-3p
hsa-miR-600	0.1163	0.0090877	-0.80141	hsa-miR-600
hsa-miR-628-5p	0.1163	0.0092734	-0.58782	hsa-miR-628-5p
hsa-miR-450a-1-3p	0.1163	0.0092927	-0.38416	hsa-miR-450a-1-3p
hsa-miR-512-3p	0.1163	0.0095801	-0.54346	hsa-miR-512-3p
hsa-miR-130a-3p	0.1163	0.0100609	1.88346	hsa-miR-130a-3p
hsa-miR-135a-5p	0.1163	0.0107765	-0.46179	hsa-miR-135a-5p
hsa-miR-98-3p	0.1163	0.0107765	-0.46179	hsa-miR-98-3p
hsa-miR-519b-3p	0.1163	0.0111186	-0.37809	hsa-miR-519b-3p
hsa-miR-4425	0.1163	0.0115885	-0.51483	hsa-miR-4425
hsa-miR-520a-3p	0.1163	0.0115885	-0.51483	hsa-miR-520a-3p
hsa-miR-147b	0.1163	0.0117831	-1.31182	hsa-miR-147b
hsa-miR-3140-3p	0.1163	0.0117996	-0.38655	hsa-miR-3140-3p
hsa-miR-342-5p	0.1163	0.0117996	-0.38655	hsa-miR-342-5p
hsa-miR-522-3p	0.1163	0.0121041	-0.91696	hsa-miR-522-3p
hsa-miR-924	0.1163	0.0130983	-0.38223	hsa-miR-924
hsa-miR-199a-5p	0.1163	0.0132154	1.46082	hsa-miR-199a-5p
hsa-miR-433-3p	0.1163	0.0132263	-1.13008	hsa-miR-433-3p
hsa-miR-146a-5p	0.1163	0.0134532	1.30471	hsa-miR-146a-5p
hsa-miR-23b-3p	0.1163	0.0143008	1.01671	hsa-miR-23b-3p
hsa-miR-708-5p	0.1163	0.0143042	-0.44351	hsa-miR-708-5p
hsa-miR-22-3p	0.1163	0.0151088	0.6177	hsa-miR-22-3p
hsa-miR-549a	0.1163	0.015277	-0.78054	hsa-miR-549a
hsa-miR-944	0.1163	0.0152838	-1.21456	hsa-miR-944
hsa-miR-154-5p	0.1163	0.0155599	-0.40006	hsa-miR-154-5p
hsa-miR-374b-5p	0.1163	0.0163214	1.3256	hsa-miR-374b-5p
hsa-miR-326	0.1163	0.0164948	-0.46145	hsa-miR-326
hsa-miR-648	0.1163	0.0164948	-0.46145	hsa-miR-648
hsa-let-7d-5p	0.1163	0.0167344	1.27859	hsa-let-7d-5p
hsa-miR-105-5p	0.1163	0.0170525	-0.89559	hsa-miR-105-5p
hsa-miR-1178-3p	0.1163	0.0174532	-0.3645	hsa-miR-1178-3p
hsa-miR-1185-1-3p	0.1163	0.0174532	-0.3645	hsa-miR-1185-1-3p
hsa-miR-1245b-3p	0.1163	0.0174532	-0.3645	hsa-miR-1245b-3p
hsa-miR-1247-5p	0.1163	0.0174532	-0.3645	hsa-miR-1247-5p
hsa-miR-1252-5p	0.1163	0.0174532	-0.3645	hsa-miR-1252-5p
hsa-miR-1269b	0.1163	0.0174532	-0.3645	hsa-miR-1269b
hsa-miR-1296-5p	0.1163	0.0174532	-0.3645	hsa-miR-1296-5p
hsa-miR-134-5p+hsa-miR-6728-5p	0.1163	0.0174532	-0.3645	hsa-miR-134-5p+hsa-miR-6728-5p
hsa-miR-181b-5p+hsa-miR-181d-5p	0.1163	0.0174532	-0.3645	hsa-miR-181b-5p+hsa-miR-181d-5p
hsa-miR-1909-3p	0.1163	0.0174532	-0.3645	hsa-miR-1909-3p
hsa-miR-204-5p	0.1163	0.0174532	-0.3645	hsa-miR-204-5p
hsa-miR-208b-5p	0.1163	0.0174532	-0.3645	hsa-miR-208b-5p
hsa-miR-2278	0.1163	0.0174532	-0.3645	hsa-miR-2278
hsa-miR-3151-5p	0.1163	0.0174532	-0.3645	hsa-miR-3151-5p
hsa-miR-323b-5p	0.1163	0.0174532	-0.3645	hsa-miR-323b-5p
hsa-miR-3605-3p	0.1163	0.0174532	-0.3645	hsa-miR-3605-3p
hsa-miR-361-3p	0.1163	0.0174532	-0.3645	hsa-miR-361-3p
hsa-miR-369-5p	0.1163	0.0174532	-0.3645	hsa-miR-369-5p
hsa-miR-376b-3p	0.1163	0.0174532	-0.3645	hsa-miR-376b-3p
hsa-miR-383-5p	0.1163	0.0174532	-0.3645	hsa-miR-383-5p
hsa-miR-3918	0.1163	0.0174532	-0.3645	hsa-miR-3918
hsa-miR-4458	0.1163	0.0174532	-0.3645	hsa-miR-4458
hsa-miR-4461	0.1163	0.0174532	-0.3645	hsa-miR-4461
hsa-miR-449a	0.1163	0.0174532	-0.3645	hsa-miR-449a
hsa-miR-4536-3p	0.1163	0.0174532	-0.3645	hsa-miR-4536-3p
hsa-miR-455-3p	0.1163	0.0174532	-0.3645	hsa-miR-455-3p
hsa-miR-4707-3p	0.1163	0.0174532	-0.3645	hsa-miR-4707-3p
hsa-miR-483-5p	0.1163	0.0174532	-0.3645	hsa-miR-483-5p
hsa-miR-487b-3p	0.1163	0.0174532	-0.3645	hsa-miR-487b-3p
hsa-miR-5001-3p	0.1163	0.0174532	-0.3645	hsa-miR-5001-3p
hsa-miR-507	0.1163	0.0174532	-0.3645	hsa-miR-507
hsa-miR-510-5p	0.1163	0.0174532	-0.3645	hsa-miR-510-5p
hsa-miR-539-3p	0.1163	0.0174532	-0.3645	hsa-miR-539-3p
hsa-miR-545-3p	0.1163	0.0174532	-0.3645	hsa-miR-545-3p
hsa-miR-548c-5p+hsa-miR-548o-5p+hsa-miR-548am-5p	0.1163	0.0174532	-0.3645	hsa-miR-548c-5p+hsa-miR-548o-5p+hsa-miR-548am-5p
hsa-miR-548l	0.1163	0.0174532	-0.3645	hsa-miR-548l
hsa-miR-548o-3p+hsa-miR-548ah-3p+hsa-miR-548av-3p	0.1163	0.0174532	-0.3645	hsa-miR-548o-3p+hsa-miR-548ah-3p+hsa-miR-548av-3p
hsa-miR-550a-5p	0.1163	0.0174532	-0.3645	hsa-miR-550a-5p
hsa-miR-590-3p	0.1163	0.0174532	-0.3645	hsa-miR-590-3p
hsa-miR-615-5p	0.1163	0.0174532	-0.3645	hsa-miR-615-5p
hsa-miR-627-5p	0.1163	0.0174532	-0.3645	hsa-miR-627-5p
hsa-miR-651-3p	0.1163	0.0174532	-0.3645	hsa-miR-651-3p
hsa-miR-6511a-5p	0.1163	0.0174532	-0.3645	hsa-miR-6511a-5p
hsa-miR-652-5p	0.1163	0.0174532	-0.3645	hsa-miR-652-5p
hsa-miR-664b-5p	0.1163	0.0174532	-0.3645	hsa-miR-664b-5p
hsa-miR-766-5p	0.1163	0.0174532	-0.3645	hsa-miR-766-5p
hsa-miR-767-3p	0.1163	0.0174532	-0.3645	hsa-miR-767-3p
hsa-miR-874-3p	0.1163	0.0174532	-0.3645	hsa-miR-874-3p
hsa-miR-25-3p	0.1163	0.0175619	1.72233	hsa-miR-25-3p
hsa-miR-206	0.1163	0.0177934	-1.00755	hsa-miR-206
hsa-miR-24-3p	0.1163	0.017835	1.41773	hsa-miR-24-3p
hsa-miR-525-3p	0.1178	0.0182111	-0.67455	hsa-miR-525-3p
hsa-miR-485-3p	0.1187	0.0185003	-1.19866	hsa-miR-485-3p
hsa-miR-33a-5p	0.1205	0.0192675	-0.36019	hsa-miR-33a-5p
hsa-miR-502-5p	0.1205	0.0192903	-1.46934	hsa-miR-502-5p
hsa-miR-556-3p	0.1205	0.0193365	-0.44617	hsa-miR-556-3p
hsa-miR-2116-5p	0.1205	0.0193733	-0.85573	hsa-miR-2116-5p
hsa-miR-1322	0.1205	0.0196585	-0.58454	hsa-miR-1322
hsa-miR-532-3p	0.1205	0.0197081	-0.60983	hsa-miR-532-3p
hsa-miR-490-5p	0.1205	0.0198001	-0.53153	hsa-miR-490-5p
hsa-miR-520f-3p	0.1229	0.0203885	-0.89158	hsa-miR-520f-3p
hsa-miR-106a-5p+hsa-miR-17-5p	0.1229	0.0205241	1.36647	hsa-miR-106a-5p+hsa-miR-17-5p
hsa-miR-25-5p	0.1229	0.0206282	-0.61855	hsa-miR-25-5p
hsa-miR-3074-3p	0.1233	0.0208449	-0.42818	hsa-miR-3074-3p
hsa-miR-1290	0.1248	0.0212515	-0.62675	hsa-miR-1290
hsa-miR-548ad-3p	0.1252	0.0214706	0.67138	hsa-miR-548ad-3p
hsa-miR-892b	0.1274	0.0219949	-0.34387	hsa-miR-892b
hsa-miR-152-5p	0.131	0.022982	-0.34732	hsa-miR-152-5p
hsa-miR-5001-5p	0.131	0.022982	-0.34732	hsa-miR-5001-5p
hsa-miR-3179	0.131	0.0230958	-0.7397	hsa-miR-3179
hsa-miR-637	0.1313	0.0233025	-0.46927	hsa-miR-637
hsa-miR-187-3p	0.1378	0.024627	-0.88101	hsa-miR-187-3p
hsa-miR-508-3p	0.1416	0.0256351	-0.60466	hsa-miR-508-3p
hsa-miR-26a-5p	0.1416	0.025654	0.58811	hsa-miR-26a-5p
hsa-miR-619-3p	0.1444	0.0263398	-0.45895	hsa-miR-619-3p
hsa-miR-6720-3p	0.1453	0.026673	-1.00123	hsa-miR-6720-3p
hsa-miR-208b-3p	0.1457	0.0270769	-0.86708	hsa-miR-208b-3p
hsa-miR-146b-3p	0.1457	0.0271075	-1.18847	hsa-miR-146b-3p
hsa-miR-1302	0.147	0.0275196	-0.53115	hsa-miR-1302
hsa-miR-27b-3p	0.149	0.0280781	1.12645	hsa-miR-27b-3p
hsa-miR-1245a	0.1512	0.0287069	-0.33481	hsa-miR-1245a
hsa-miR-3158-3p	0.1512	0.0288634	-1.38374	hsa-miR-3158-3p
hsa-miR-514b-3p	0.1512	0.0290304	-0.33178	hsa-miR-514b-3p
hsa-miR-3916	0.156	0.0301434	-0.57996	hsa-miR-3916
LIG_NEG_B	0.1579	0.0307024	0.91504	
hsa-let-7g-5p	0.1584	0.0315094	0.97124	hsa-let-7g-5p
hsa-miR-615-3p	0.1584	0.0318252	-0.7612	hsa-miR-615-3p
hsa-miR-149-5p	0.1584	0.0320141	-0.50223	hsa-miR-149-5p
hsa-miR-20a-5p+hsa-miR-20b-5p	0.1584	0.0323987	1.37148	hsa-miR-20a-5p+hsa-miR-20b-5p
hsa-miR-188-3p	0.1584	0.0324419	-0.41721	hsa-miR-188-3p
hsa-miR-2110	0.1584	0.0324419	-0.41721	hsa-miR-2110
hsa-miR-613	0.1584	0.0325672	-0.95422	hsa-miR-613
hsa-miR-1249-3p	0.1584	0.0327084	-0.33554	hsa-miR-1249-3p
hsa-miR-330-5p	0.1584	0.0327084	-0.33554	hsa-miR-330-5p
hsa-miR-498	0.1584	0.0327084	-0.33554	hsa-miR-498
hsa-miR-548d-5p	0.1644	0.0341474	-0.50343	hsa-miR-548d-5p
hsa-miR-29b-3p	0.1644	0.0346382	1.42121	hsa-miR-29b-3p
hsa-miR-302a-3p	0.1644	0.0347498	-0.5216	hsa-miR-302a-3p
hsa-miR-4524a-5p	0.1644	0.0347498	-0.5216	hsa-miR-4524a-5p
hsa-miR-198	0.1663	0.035418	-0.72356	hsa-miR-198
hsa-miR-323a-5p	0.1663	0.0355481	-0.33123	hsa-miR-323a-5p
hsa-miR-106b-5p	0.185	0.0397663	1.14422	hsa-miR-106b-5p
hsa-miR-134-3p	0.1879	0.0406183	-0.50441	hsa-miR-134-3p
hsa-miR-4431	0.1935	0.0420616	-0.39523	hsa-miR-4431
hsa-miR-191-5p	0.1942	0.0424502	1.47703	hsa-miR-191-5p
hsa-miR-580-3p	0.1958	0.0430324	-0.3164	hsa-miR-580-3p
hsa-miR-362-3p	0.197	0.043539	-0.44491	hsa-miR-362-3p
hsa-miR-556-5p	0.1992	0.0442749	-0.60155	hsa-miR-556-5p
hsa-miR-378d	0.2066	0.0465979	-0.61167	hsa-miR-378d
hsa-miR-643	0.2066	0.0466122	-0.32079	hsa-miR-643
hsa-miR-523-3p	0.2066	0.0466553	-0.65013	hsa-miR-523-3p
hsa-miR-1233-3p	0.21	0.0478854	-0.43476	hsa-miR-1233-3p
hsa-miR-515-5p	0.21	0.0487924	-0.76681	hsa-miR-515-5p
hsa-miR-1301-3p	0.21	0.0497031	-0.30058	hsa-miR-1301-3p
hsa-miR-181a-2-3p	0.21	0.0497031	-0.30058	hsa-miR-181a-2-3p
hsa-miR-2113	0.21	0.0497031	-0.30058	hsa-miR-2113
hsa-miR-4448	0.21	0.0497031	-0.30058	hsa-miR-4448
hsa-miR-4792	0.21	0.0497031	-0.30058	hsa-miR-4792
hsa-miR-6503-3p	0.21	0.0497031	-0.30058	hsa-miR-6503-3p
hsa-miR-6503-5p	0.21	0.0497031	-0.30058	hsa-miR-6503-5p
hsa-miR-4455	0.2143	0.0509965	-0.79089	hsa-miR-4455
hsa-miR-338-5p	0.2214	0.0530536	-0.37608	hsa-miR-338-5p
hsa-miR-574-5p	0.2214	0.0532773	-0.51302	hsa-miR-574-5p
hsa-miR-3180-5p	0.2214	0.0534716	-0.28717	hsa-miR-3180-5p
hsa-miR-3164	0.2289	0.0560004	-0.62647	hsa-miR-3164
hsa-miR-181a-3p	0.2289	0.0560876	-0.63719	hsa-miR-181a-3p
hsa-miR-3614-5p	0.2289	0.0561281	-0.92015	hsa-miR-3614-5p
hsa-miR-219a-1-3p	0.2315	0.0571083	-0.66789	hsa-miR-219a-1-3p
hsa-miR-548al	0.2315	0.0573145	-0.64777	hsa-miR-548al
hsa-miR-651-5p	0.2367	0.0589349	-0.93198	hsa-miR-651-5p
hsa-miR-487b-5p	0.2367	0.0592454	-0.73594	hsa-miR-487b-5p
hsa-miR-302a-5p	0.2367	0.0594684	-1.30287	hsa-miR-302a-5p
hsa-miR-877-5p	0.2369	0.0598098	-0.89904	hsa-miR-877-5p
hsa-miR-876-5p	0.2425	0.0622553	-0.53624	hsa-miR-876-5p
hsa-miR-221-5p	0.2425	0.0623128	-0.35652	hsa-miR-221-5p
hsa-miR-1224-3p	0.2425	0.0629584	-0.2975	hsa-miR-1224-3p
hsa-miR-320d	0.2425	0.0629584	-0.2975	hsa-miR-320d
hsa-miR-520b	0.2425	0.0629584	-0.2975	hsa-miR-520b
RPLP0	0.2425	0.0629584	-0.2975	
hsa-miR-548d-3p	0.2444	0.0637507	-0.93591	hsa-miR-548d-3p
hsa-miR-510-3p	0.2461	0.0648836	-0.59445	hsa-miR-510-3p
hsa-miR-1976	0.2461	0.0650624	-0.54761	hsa-miR-1976
hsa-miR-572	0.2461	0.0650877	-0.82958	hsa-miR-572
hsa-miR-362-5p	0.2519	0.0669184	-0.30405	hsa-miR-362-5p
hsa-miR-299-5p	0.2527	0.0674372	-0.48945	hsa-miR-299-5p
hsa-miR-610	0.255	0.0683718	-0.80545	hsa-miR-610
hsa-miR-1469	0.2596	0.0699098	-0.55318	hsa-miR-1469
hsa-miR-16-5p	0.2599	0.0703183	0.74657	hsa-miR-16-5p
hsa-miR-1275	0.2636	0.0716393	-0.40901	hsa-miR-1275
hsa-miR-892a	0.265	0.0723272	-0.3028	hsa-miR-892a
hsa-miR-29a-3p	0.2738	0.0750715	-0.52203	hsa-miR-29a-3p
hsa-miR-3192-5p	0.2842	0.0782578	-0.53223	hsa-miR-3192-5p
hsa-miR-375	0.2879	0.0796371	-0.63389	hsa-miR-375
hsa-miR-649	0.2925	0.0812454	-0.81874	hsa-miR-649
hsa-miR-520g-3p	0.2926	0.0816432	-1.43903	hsa-miR-520g-3p
LIG_NEG_A	0.2959	0.0829164	0.66786	
hsa-miR-520e	0.2962	0.0833519	-0.76852	hsa-miR-520e
hsa-miR-3065-3p	0.304	0.0859026	-0.35646	hsa-miR-3065-3p
hsa-miR-1272	0.3044	0.0863918	-0.56406	hsa-miR-1272
hsa-miR-211-5p	0.3112	0.088877	-0.56325	hsa-miR-211-5p
hsa-miR-370-5p	0.3112	0.0890868	-0.61551	hsa-miR-370-5p
hsa-miR-548e-3p	0.3129	0.0899483	-0.38162	hsa-miR-548e-3p
hsa-miR-422a	0.317	0.0914959	-0.58123	hsa-miR-422a
hsa-miR-193a-5p+hsa-miR-193b-5p	0.3251	0.0942334	-0.4259	hsa-miR-193a-5p+hsa-miR-193b-5p
hsa-miR-765	0.3281	0.095484	-0.35089	hsa-miR-765
hsa-miR-496	0.3297	0.0971012	1.01264	hsa-miR-496
hsa-miR-598-3p	0.3297	0.0974374	-0.67692	hsa-miR-598-3p
hsa-miR-576-5p	0.3297	0.0976582	-0.77958	hsa-miR-576-5p
hsa-miR-3127-5p	0.3297	0.0979682	-0.70151	hsa-miR-3127-5p
hsa-miR-526b-5p	0.3297	0.0979827	-0.66486	hsa-miR-526b-5p
hsa-miR-605-5p	0.3297	0.0983639	-0.41741	hsa-miR-605-5p
hsa-miR-361-5p	0.3384	0.1013532	0.80426	hsa-miR-361-5p
hsa-miR-3147	0.3394	0.1020801	-0.34522	hsa-miR-3147
hsa-miR-4531	0.3396	0.1025455	-0.41336	hsa-miR-4531
POS_F	0.3498	0.1060354	-0.50923	
hsa-miR-517c-3p+hsa-miR-519a-3p	0.3543	0.1079579	0.70675	hsa-miR-517c-3p+hsa-miR-519a-3p
hsa-miR-639	0.3543	0.1082664	-0.94204	hsa-miR-639
hsa-miR-323b-3p	0.358	0.1098363	-1.09215	hsa-miR-323b-3p
hsa-miR-15a-5p	0.3665	0.1128688	1.17195	hsa-miR-15a-5p
hsa-miR-548z+hsa-miR-548h-3p	0.3677	0.1136705	-0.5239	hsa-miR-548z+hsa-miR-548h-3p
hsa-miR-208a-3p	0.3708	0.1150906	-0.4394	hsa-miR-208a-3p
hsa-miR-769-3p	0.3874	0.1207221	-0.36384	hsa-miR-769-3p
hsa-miR-516a-5p	0.3915	0.1226759	-0.27834	hsa-miR-516a-5p
hsa-miR-548n	0.3915	0.1229329	-0.95953	hsa-miR-548n
hsa-miR-624-3p	0.4073	0.1283772	-0.74709	hsa-miR-624-3p
hsa-miR-4516	0.4146	0.1311792	-1.56071	hsa-miR-4516
hsa-miR-744-5p	0.4194	0.1335678	-0.76658	hsa-miR-744-5p
hsa-miR-185-5p	0.4194	0.1337076	1.02863	hsa-miR-185-5p
hsa-miR-148a-3p	0.4256	0.1362234	0.66085	hsa-miR-148a-3p
hsa-miR-939-5p	0.4283	0.1375825	-0.69136	hsa-miR-939-5p
hsa-miR-760	0.43	0.139281	-0.68954	hsa-miR-760
hsa-miR-33b-5p	0.43	0.1397265	-0.25751	hsa-miR-33b-5p
hsa-miR-514a-5p	0.43	0.1397265	-0.25751	hsa-miR-514a-5p
hsa-miR-2682-5p	0.43	0.1402322	-0.41851	hsa-miR-2682-5p
hsa-miR-197-3p	0.4317	0.1415429	0.92651	hsa-miR-197-3p
hsa-miR-664b-3p	0.4317	0.1418187	-0.51705	hsa-miR-664b-3p
hsa-miR-1246	0.4324	0.1425677	-0.47973	hsa-miR-1246
hsa-miR-495-3p	0.4327	0.1443535	-0.5761	hsa-miR-495-3p
hsa-miR-3161	0.4327	0.1444815	0.87892	hsa-miR-3161
hsa-miR-563	0.4327	0.1451139	-0.80698	hsa-miR-563
hsa-miR-374a-5p	0.4327	0.1452422	0.85933	hsa-miR-374a-5p
hsa-miR-606	0.4327	0.1452732	-0.58595	hsa-miR-606
hsa-miR-936	0.434	0.1462552	-0.40956	hsa-miR-936
hsa-miR-505-3p	0.4369	0.1482635	-0.43009	hsa-miR-505-3p
hsa-miR-384	0.4369	0.1482751	-0.92981	hsa-miR-384
hsa-miR-539-5p	0.4384	0.1493182	-0.58589	hsa-miR-539-5p
hsa-miR-4435	0.4399	0.1503411	-0.8857	hsa-miR-4435
hsa-miR-891a-5p	0.4453	0.1527728	-0.97717	hsa-miR-891a-5p
hsa-miR-382-3p	0.4453	0.1532599	-0.63087	hsa-miR-382-3p
hsa-miR-766-3p	0.4508	0.1557116	-0.59709	hsa-miR-766-3p
hsa-miR-5010-5p	0.4564	0.1581897	-0.24089	hsa-miR-5010-5p
hsa-miR-641	0.4645	0.1615626	-0.32647	hsa-miR-641
GAPDH	0.4704	0.1648636	-0.66776	
hsa-miR-1270	0.4704	0.1652696	-0.63592	hsa-miR-1270
hsa-miR-298	0.4704	0.1654743	-0.41618	hsa-miR-298
hsa-miR-761	0.4704	0.1658822	-0.47266	hsa-miR-761
hsa-miR-1908-5p	0.4714	0.1671194	-0.2889	hsa-miR-1908-5p
hsa-miR-140-3p	0.4714	0.1673692	-1.12915	hsa-miR-140-3p
hsa-miR-504-5p	0.4781	0.170322	-0.65408	hsa-miR-504-5p
hsa-miR-630	0.4846	0.1732408	0.70891	hsa-miR-630
hsa-miR-421	0.4852	0.1740255	0.73442	hsa-miR-421
hsa-miR-520d-5p+hsa-miR-527+hsa-miR-518a-5p	0.4874	0.1755908	-0.40053	hsa-miR-520d-5p+hsa-miR-527+hsa-miR-518a-5p
hsa-miR-551b-3p	0.4874	0.1760168	0.63479	hsa-miR-551b-3p
hsa-miR-133b	0.4884	0.1769601	-0.4442	hsa-miR-133b
hsa-miR-554	0.4912	0.178579	-0.25361	hsa-miR-554
hsa-miR-200a-3p	0.496	0.1808907	-0.53428	hsa-miR-200a-3p
hsa-miR-148b-3p	0.496	0.1815234	0.80701	hsa-miR-148b-3p
hsa-miR-98-5p	0.4991	0.1832566	0.69248	hsa-miR-98-5p
hsa-miR-4647	0.4999	0.1841549	-0.78837	hsa-miR-4647
hsa-miR-340-5p	0.5005	0.1849491	1.08649	hsa-miR-340-5p
hsa-miR-656-3p	0.5018	0.1860633	-0.41131	hsa-miR-656-3p
hsa-miR-509-5p	0.502	0.1874403	-0.7149	hsa-miR-509-5p
hsa-miR-127-3p	0.502	0.1878942	-1.08479	hsa-miR-127-3p
hsa-miR-497-5p	0.502	0.1879596	-0.68265	hsa-miR-497-5p
hsa-miR-524-3p	0.5053	0.1897837	-0.23344	hsa-miR-524-3p
hsa-miR-661	0.5099	0.1921409	0.51566	hsa-miR-661
hsa-miR-548ar-3p	0.5239	0.198051	-0.47579	hsa-miR-548ar-3p
hsa-miR-2117	0.5278	0.2001454	-0.6627	hsa-miR-2117
hsa-miR-3130-3p	0.531	0.2038208	-0.44238	hsa-miR-3130-3p
hsa-miR-555	0.531	0.2038575	-1.10025	hsa-miR-555
hsa-miR-429	0.531	0.2041876	-0.23505	hsa-miR-429
hsa-miR-671-3p	0.531	0.2041876	-0.23505	hsa-miR-671-3p
ath-miR159a	0.531	0.2045804	-0.34845	ath-miR159a
hsa-miR-30d-5p	0.5315	0.2053971	0.73997	hsa-miR-30d-5p
hsa-miR-573	0.5319	0.2062056	-0.71107	hsa-miR-573
hsa-miR-1255b-5p	0.5359	0.2087027	-0.43103	hsa-miR-1255b-5p
hsa-miR-142-5p	0.5359	0.2090361	-0.50675	hsa-miR-142-5p
hsa-miR-501-3p	0.5434	0.2133136	-0.41155	hsa-miR-501-3p
hsa-miR-1204	0.5434	0.2135372	-0.43767	hsa-miR-1204
hsa-miR-337-3p	0.5434	0.2141956	-0.58784	hsa-miR-337-3p
hsa-miR-642a-5p	0.5434	0.215072	0.40268	hsa-miR-642a-5p
hsa-miR-1-5p	0.5434	0.2152704	-0.35811	hsa-miR-1-5p
hsa-miR-548q	0.5466	0.2171786	-0.62928	hsa-miR-548q
hsa-miR-1281	0.5476	0.2182559	-0.50177	hsa-miR-1281
hsa-miR-197-5p	0.5479	0.2190424	0.70478	hsa-miR-197-5p
hsa-miR-451a	0.5484	0.2208435	0.66363	hsa-miR-451a
hsa-miR-1254	0.5484	0.2211012	-0.22985	hsa-miR-1254
hsa-miR-302d-3p	0.5484	0.2212119	-0.45514	hsa-miR-302d-3p
hsa-miR-365b-5p	0.5505	0.2227153	-0.32581	hsa-miR-365b-5p
hsa-miR-10b-5p	0.551	0.223592	-0.87455	hsa-miR-10b-5p
hsa-miR-627-3p	0.5668	0.2306964	-0.46205	hsa-miR-627-3p
hsa-miR-203a-3p	0.5769	0.2354875	0.31417	hsa-miR-203a-3p
hsa-miR-369-3p	0.5781	0.2367054	-0.67881	hsa-miR-369-3p
hsa-miR-575	0.5785	0.2382267	0.81418	hsa-miR-575
hsa-miR-301b-3p	0.5785	0.2382573	-0.74305	hsa-miR-301b-3p
hsa-miR-548g-3p	0.58	0.240242	-0.39485	hsa-miR-548g-3p
hsa-miR-493-3p	0.58	0.2408394	-0.52885	hsa-miR-493-3p
hsa-miR-1226-3p	0.58	0.2409714	-0.8475	hsa-miR-1226-3p
hsa-miR-551a	0.5887	0.2452934	-0.61715	hsa-miR-551a
hsa-miR-1908-3p	0.5977	0.2497594	-0.45266	hsa-miR-1908-3p
hsa-miR-376a-3p	0.5988	0.2509353	-0.669	hsa-miR-376a-3p
hsa-miR-1180-3p	0.6071	0.2551399	-0.55737	hsa-miR-1180-3p
hsa-miR-1915-3p	0.6094	0.2578691	-0.42967	hsa-miR-1915-3p
hsa-miR-548b-3p	0.6094	0.2590089	-0.90529	hsa-miR-548b-3p
hsa-miR-1972	0.6094	0.2598417	-0.77835	hsa-miR-1972
hsa-miR-625-5p	0.6094	0.2598811	-0.69192	hsa-miR-625-5p
ACTB	0.6094	0.259925	0.45728	
hsa-miR-23c	0.6094	0.2605227	-0.47949	hsa-miR-23c
hsa-miR-875-3p	0.6125	0.263294	-0.24428	hsa-miR-875-3p
hsa-miR-935	0.6125	0.2633455	-0.47238	hsa-miR-935
hsa-miR-30e-5p	0.6134	0.2644649	-0.48281	hsa-miR-30e-5p
hsa-miR-92a-3p	0.6134	0.2652202	0.77773	hsa-miR-92a-3p
hsa-miR-4485-3p	0.6141	0.2665781	0.52823	hsa-miR-4485-3p
hsa-miR-4286	0.6141	0.2669905	-0.34765	hsa-miR-4286
hsa-miR-1278	0.6161	0.2686046	-0.20989	hsa-miR-1278
hsa-miR-937-3p	0.6186	0.2705105	-0.57908	hsa-miR-937-3p
hsa-miR-378f	0.6186	0.27121	0.72782	hsa-miR-378f
hsa-miR-607	0.6187	0.2726097	-0.41748	hsa-miR-607
hsa-miR-577	0.6187	0.2730785	-0.76357	hsa-miR-577
hsa-miR-548ai+hsa-miR-570-5p	0.6187	0.2734822	0.98045	hsa-miR-548ai+hsa-miR-570-5p
hsa-miR-150-5p	0.6196	0.2746114	0.45461	hsa-miR-150-5p
hsa-miR-1185-5p	0.626	0.278222	0.43781	hsa-miR-1185-5p
hsa-miR-302c-3p	0.6273	0.279536	-0.98072	hsa-miR-302c-3p
hsa-miR-455-5p	0.628	0.2807811	-0.29111	hsa-miR-455-5p
hsa-miR-182-5p	0.628	0.2813921	-0.46939	hsa-miR-182-5p
hsa-miR-219b-3p	0.6282	0.2828026	0.66518	hsa-miR-219b-3p
hsa-miR-3150b-3p	0.6282	0.2829901	-0.47011	hsa-miR-3150b-3p
hsa-miR-374c-5p	0.6353	0.2869692	-0.27523	hsa-miR-374c-5p
hsa-miR-516b-5p	0.6357	0.2879021	0.37441	hsa-miR-516b-5p
hsa-miR-548j-5p	0.6357	0.2886698	-0.3433	hsa-miR-548j-5p
hsa-miR-18b-5p	0.6369	0.2899733	-0.59361	hsa-miR-18b-5p
hsa-miR-508-5p	0.6404	0.292336	-0.22349	hsa-miR-508-5p
hsa-miR-1297	0.6415	0.293619	-0.59354	hsa-miR-1297
hsa-miR-553	0.6415	0.2944162	-0.17696	hsa-miR-553
hsa-miR-544a	0.6438	0.2962421	-0.64197	hsa-miR-544a
hsa-miR-3180	0.6454	0.2979386	-0.87033	hsa-miR-3180
hsa-miR-100-5p	0.6454	0.2989796	0.71141	hsa-miR-100-5p
hsa-miR-515-3p	0.6454	0.299338	-0.99068	hsa-miR-515-3p
hsa-miR-500a-5p+hsa-miR-501-5p	0.6472	0.3019451	0.39041	hsa-miR-500a-5p+hsa-miR-501-5p
hsa-let-7f-5p	0.6472	0.302312	0.73735	hsa-let-7f-5p
hsa-miR-543	0.6472	0.3025686	-0.44762	hsa-miR-543
hsa-miR-1264	0.6472	0.3032919	0.37858	hsa-miR-1264
hsa-miR-890	0.6475	0.3042051	-0.53195	hsa-miR-890
hsa-miR-32-5p	0.6485	0.3054333	0.62866	hsa-miR-32-5p
hsa-miR-196a-5p	0.65	0.3075237	0.68486	hsa-miR-196a-5p
hsa-miR-210-3p	0.65	0.3081781	-0.48216	hsa-miR-210-3p
hsa-miR-513b-5p	0.65	0.3085106	-0.63645	hsa-miR-513b-5p
hsa-miR-664a-3p	0.6574	0.3131777	-0.39186	hsa-miR-664a-3p
hsa-miR-628-3p	0.6574	0.3136368	-0.69777	hsa-miR-628-3p
hsa-miR-181b-2-3p	0.6646	0.317872	-0.92903	hsa-miR-181b-2-3p
hsa-miR-885-5p	0.6646	0.3186739	-0.5065	hsa-miR-885-5p
hsa-miR-323a-3p	0.6681	0.3211348	0.54941	hsa-miR-323a-3p
hsa-miR-562	0.6697	0.3233388	-0.17702	hsa-miR-562
hsa-miR-320c	0.6697	0.3235092	-0.20144	hsa-miR-320c
hsa-miR-518d-3p	0.6723	0.3255746	-0.3872	hsa-miR-518d-3p
hsa-miR-133a-5p	0.6783	0.3293253	-0.61925	hsa-miR-133a-5p
hsa-miR-499a-3p	0.6785	0.3302523	-0.80965	hsa-miR-499a-3p
hsa-miR-617	0.6787	0.3311417	-0.47925	hsa-miR-617
NEG_C	0.6791	0.3321651	0.1961	
hsa-miR-183-5p	0.6847	0.3357252	-0.53531	hsa-miR-183-5p
hsa-miR-30a-3p	0.6973	0.3428264	-0.24512	hsa-miR-30a-3p
hsa-miR-767-5p	0.6973	0.3436861	-0.53936	hsa-miR-767-5p
hsa-miR-329-5p	0.6973	0.3450888	-0.5606	hsa-miR-329-5p
hsa-miR-802	0.6973	0.3452857	-0.48632	hsa-miR-802
hsa-miR-296-3p	0.7006	0.3477502	-0.21895	hsa-miR-296-3p
hsa-miR-614	0.7022	0.3493998	0.27079	hsa-miR-614
hsa-miR-3605-5p	0.7068	0.3541817	-0.2451	hsa-miR-3605-5p
hsa-miR-631	0.7068	0.3550485	0.58181	hsa-miR-631
hsa-miR-1249-5p	0.7068	0.3567521	-0.19289	hsa-miR-1249-5p
hsa-miR-132-3p	0.7068	0.3567521	-0.19289	hsa-miR-132-3p
hsa-miR-596	0.7068	0.3567521	-0.19289	hsa-miR-596
hsa-miR-30b-5p	0.7068	0.3568319	0.37168	hsa-miR-30b-5p
hsa-miR-296-5p	0.7068	0.3576677	-0.17113	hsa-miR-296-5p
hsa-miR-328-5p	0.7097	0.3599899	-0.5385	hsa-miR-328-5p
osa-miR442	0.7103	0.3617172	0.24241	osa-miR442
hsa-miR-125a-5p	0.7103	0.3619917	0.41061	hsa-miR-125a-5p
hsa-miR-564	0.7114	0.3634545	-0.81425	hsa-miR-564
hsa-miR-520a-5p	0.7133	0.3652589	-0.63244	hsa-miR-520a-5p
hsa-miR-34a-5p	0.7135	0.3662115	0.48244	hsa-miR-34a-5p
hsa-miR-1303	0.7146	0.3676408	-0.19012	hsa-miR-1303
hsa-miR-1250-5p	0.7171	0.370011	-0.75853	hsa-miR-1250-5p
hsa-miR-133a-3p	0.7171	0.3714733	-0.242	hsa-miR-133a-3p
hsa-miR-520h	0.7171	0.371818	-0.37844	hsa-miR-520h
hsa-miR-3613-3p	0.7171	0.3723991	0.55519	hsa-miR-3613-3p
hsa-let-7i-5p	0.7193	0.3756989	0.36947	hsa-let-7i-5p
hsa-miR-488-3p	0.7193	0.3759951	-0.84602	hsa-miR-488-3p
hsa-miR-654-3p	0.7193	0.3761709	-0.46202	hsa-miR-654-3p
hsa-miR-1262	0.7275	0.3819298	0.34891	hsa-miR-1262
hsa-miR-449b-5p	0.7275	0.3822134	-0.19491	hsa-miR-449b-5p
hsa-miR-3202	0.7304	0.3845926	0.30428	hsa-miR-3202
hsa-miR-1973	0.7427	0.393242	-0.40571	hsa-miR-1973
hsa-miR-769-5p	0.7427	0.3936762	0.36933	hsa-miR-769-5p
hsa-miR-181d-3p	0.7427	0.3937692	-0.2497	hsa-miR-181d-3p
hsa-miR-151b	0.7435	0.3957717	-0.15999	hsa-miR-151b
hsa-miR-3196	0.7435	0.3969453	-0.36292	hsa-miR-3196
hsa-miR-3140-5p	0.7435	0.3970125	-0.18273	hsa-miR-3140-5p
hsa-miR-592	0.7435	0.3977677	-0.82758	hsa-miR-592
hsa-miR-593-3p	0.7507	0.4032736	-0.64578	hsa-miR-593-3p
hsa-miR-423-5p	0.7507	0.4034514	0.34148	hsa-miR-423-5p
hsa-miR-3690	0.753	0.4055905	-0.40656	hsa-miR-3690
hsa-miR-519c-3p	0.7535	0.4072214	-0.48535	hsa-miR-519c-3p
hsa-miR-548a-3p	0.7535	0.4097938	0.32841	hsa-miR-548a-3p
NEG_E	0.7535	0.4100122	0.39424	
hsa-miR-101-3p	0.7535	0.4101887	-0.66099	hsa-miR-101-3p
hsa-miR-1305	0.7535	0.4104132	0.56679	hsa-miR-1305
hsa-miR-1200	0.7536	0.411384	-0.21751	hsa-miR-1200
hsa-miR-874-5p	0.7557	0.4134555	0.41228	hsa-miR-874-5p
hsa-miR-1910-3p	0.7603	0.4175632	0.27754	hsa-miR-1910-3p
hsa-miR-3614-3p	0.7603	0.4178033	-0.17754	hsa-miR-3614-3p
hsa-miR-378h	0.7608	0.4189748	0.429	hsa-miR-378h
hsa-miR-195-5p	0.7614	0.4202197	-0.49775	hsa-miR-195-5p
hsa-miR-590-5p	0.7649	0.4231367	-0.20835	hsa-miR-590-5p
hsa-miR-518c-3p	0.7649	0.4241861	-0.40687	hsa-miR-518c-3p
hsa-miR-450b-3p	0.7649	0.4249328	-0.52684	hsa-miR-450b-3p
hsa-miR-1299	0.7652	0.4264539	-0.47853	hsa-miR-1299
hsa-miR-629-5p	0.7652	0.4269556	-0.50714	hsa-miR-629-5p
hsa-miR-887-3p	0.7682	0.4299042	-0.26429	hsa-miR-887-3p
hsa-miR-1248	0.7682	0.4304675	-0.18227	hsa-miR-1248
hsa-miR-218-5p	0.7697	0.4335662	-0.35268	hsa-miR-218-5p
hsa-miR-4787-3p	0.7697	0.4339376	-0.32332	hsa-miR-4787-3p
hsa-miR-3168	0.7697	0.434114	0.40887	hsa-miR-3168
hsa-miR-331-3p	0.7756	0.4395006	-0.28706	hsa-miR-331-3p
hsa-miR-182-3p	0.7756	0.4405833	0.27008	hsa-miR-182-3p
hsa-miR-373-3p	0.7756	0.4407792	-0.60766	hsa-miR-373-3p
hsa-miR-934	0.7756	0.4411971	0.36767	hsa-miR-934
hsa-miR-1273c	0.7762	0.4425134	-0.60044	hsa-miR-1273c
hsa-miR-432-5p	0.7762	0.4434183	-0.28226	hsa-miR-432-5p
hsa-miR-587	0.7763	0.4443842	0.32598	hsa-miR-587
hsa-miR-184	0.7767	0.4455511	-0.17064	hsa-miR-184
hsa-miR-1277-3p	0.7801	0.448461	0.34934	hsa-miR-1277-3p
hsa-miR-196b-5p	0.7815	0.4502191	0.28392	hsa-miR-196b-5p
hsa-miR-487a-3p	0.7817	0.4512708	0.32202	hsa-miR-487a-3p
hsa-miR-409-5p	0.7829	0.4528858	-0.24281	hsa-miR-409-5p
hsa-miR-129-2-3p	0.7856	0.4553956	0.57663	hsa-miR-129-2-3p
hsa-miR-450a-2-3p	0.791	0.459511	-0.23681	hsa-miR-450a-2-3p
hsa-miR-3144-5p	0.7941	0.4622801	-0.61312	hsa-miR-3144-5p
hsa-miR-136-5p	0.7958	0.4642061	0.36245	hsa-miR-136-5p
hsa-miR-1287-5p	0.7964	0.4660266	0.54555	hsa-miR-1287-5p
hsa-miR-411-5p	0.7964	0.4667584	0.32485	hsa-miR-411-5p
hsa-miR-363-3p	0.7964	0.4674583	-0.22267	hsa-miR-363-3p
hsa-miR-103a-3p	0.7974	0.4690301	-0.68112	hsa-miR-103a-3p
hsa-miR-1253	0.8008	0.4719708	-0.23469	hsa-miR-1253
hsa-miR-324-5p	0.8017	0.4735393	-0.59587	hsa-miR-324-5p
hsa-miR-3131	0.8017	0.4744279	-0.1383	hsa-miR-3131
hsa-miR-542-3p	0.8019	0.4762749	0.3103	hsa-miR-542-3p
POS_E	0.8019	0.4778392	0.30795	
NEG_F	0.8019	0.4789978	-0.09687	
hsa-miR-199b-5p	0.8019	0.4794043	-0.16223	hsa-miR-199b-5p
hsa-miR-205-5p	0.8019	0.4794043	-0.16223	hsa-miR-205-5p
hsa-miR-331-5p	0.8076	0.4839478	0.22661	hsa-miR-331-5p
hsa-miR-574-3p	0.8076	0.4847467	-0.37943	hsa-miR-574-3p
hsa-miR-612	0.8077	0.4857894	-0.17651	hsa-miR-612
hsa-miR-532-5p	0.8137	0.4903737	0.37388	hsa-miR-532-5p
hsa-miR-376c-5p	0.8145	0.4924464	-0.30638	hsa-miR-376c-5p
hsa-miR-4521	0.8145	0.492855	-0.25552	hsa-miR-4521
NEG_H	0.8249	0.5015156	-0.09455	
hsa-miR-219a-2-3p	0.8249	0.5020563	-0.50976	hsa-miR-219a-2-3p
hsa-miR-299-3p	0.8249	0.5029486	-0.4524	hsa-miR-299-3p
hsa-miR-196a-3p	0.8249	0.5037637	0.53526	hsa-miR-196a-3p
hsa-miR-941	0.8249	0.5043387	-0.59431	hsa-miR-941
hsa-miR-503-3p	0.8249	0.5066749	-0.38674	hsa-miR-503-3p
hsa-miR-502-3p	0.8249	0.5069583	-0.14701	hsa-miR-502-3p
hsa-miR-1236-3p	0.8249	0.5070874	-0.41433	hsa-miR-1236-3p
hsa-miR-216b-5p	0.8258	0.5087854	-0.28976	hsa-miR-216b-5p
hsa-miR-675-5p	0.8258	0.5096546	-0.57436	hsa-miR-675-5p
hsa-miR-589-5p	0.827	0.5113987	-0.49304	hsa-miR-589-5p
hsa-miR-490-3p	0.8331	0.5161765	-0.51736	hsa-miR-490-3p
hsa-miR-454-3p	0.8361	0.519269	-0.42092	hsa-miR-454-3p
hsa-miR-1827	0.8361	0.5214657	-0.44404	hsa-miR-1827
hsa-miR-1323	0.8361	0.5221859	0.25996	hsa-miR-1323
hsa-miR-576-3p	0.8361	0.5226868	-0.1514	hsa-miR-576-3p
hsa-miR-1193	0.8361	0.5231493	0.53275	hsa-miR-1193
hsa-miR-570-3p	0.8361	0.5250151	0.41514	hsa-miR-570-3p
hsa-miR-378b	0.8361	0.5253151	-0.35179	hsa-miR-378b
hsa-miR-345-3p	0.8361	0.5260901	-0.41163	hsa-miR-345-3p
hsa-miR-10a-5p	0.8405	0.5298888	-0.37263	hsa-miR-10a-5p
hsa-miR-509-3-5p	0.8437	0.5335192	-0.55568	hsa-miR-509-3-5p
hsa-miR-21-5p	0.8437	0.5353693	0.2195	hsa-miR-21-5p
hsa-miR-194-5p	0.8437	0.5358641	-0.30882	hsa-miR-194-5p
hsa-miR-504-3p	0.8437	0.536013	-0.27034	hsa-miR-504-3p
hsa-miR-448	0.8437	0.537611	0.33207	hsa-miR-448
hsa-miR-1185-2-3p	0.8437	0.5383397	0.35769	hsa-miR-1185-2-3p
hsa-miR-1202	0.8437	0.5390409	-0.55951	hsa-miR-1202
hsa-miR-1245b-5p	0.8456	0.5420689	-0.32628	hsa-miR-1245b-5p
hsa-miR-188-5p	0.8456	0.5432644	-0.53534	hsa-miR-188-5p
hsa-miR-1287-3p	0.8456	0.5433127	0.5245	hsa-miR-1287-3p
hsa-miR-320e	0.8536	0.549456	0.31636	hsa-miR-320e
hsa-miR-642a-3p	0.854	0.5507975	0.25813	hsa-miR-642a-3p
hsa-miR-513a-3p	0.8583	0.5554177	-0.2794	hsa-miR-513a-3p
hsa-miR-650	0.8583	0.5556315	-0.1165	hsa-miR-650
hsa-miR-1304-3p	0.8584	0.5567325	-0.12763	hsa-miR-1304-3p
hsa-miR-34b-3p	0.8603	0.5598964	-0.32813	hsa-miR-34b-3p
hsa-miR-660-5p	0.8603	0.5600555	0.28111	hsa-miR-660-5p
hsa-miR-595	0.861	0.5619332	-0.49073	hsa-miR-595
hsa-miR-603	0.861	0.5644142	0.20997	hsa-miR-603
hsa-miR-302f	0.861	0.5652612	-0.50836	hsa-miR-302f
hsa-miR-654-5p	0.861	0.5654494	0.38535	hsa-miR-654-5p
hsa-miR-506-5p	0.861	0.5656994	-0.17294	hsa-miR-506-5p
hsa-miR-519e-3p	0.8671	0.5710887	-0.29711	hsa-miR-519e-3p
hsa-miR-626	0.8671	0.5717699	-0.47255	hsa-miR-626
hsa-miR-4488	0.8679	0.5738866	-0.18107	hsa-miR-4488
hsa-miR-1-3p	0.8679	0.5747709	-0.36278	hsa-miR-1-3p
hsa-miR-301b-5p	0.8679	0.5756269	-0.1086	hsa-miR-301b-5p
hsa-miR-503-5p	0.8679	0.576644	-0.50588	hsa-miR-503-5p
hsa-miR-4755-5p	0.8679	0.5775781	-0.50513	hsa-miR-4755-5p
hsa-miR-28-3p	0.8715	0.5809933	-0.2463	hsa-miR-28-3p
hsa-miR-1244	0.8715	0.5830652	-0.24955	hsa-miR-1244
hsa-miR-873-5p	0.8715	0.5839295	-0.29345	hsa-miR-873-5p
hsa-miR-568	0.8715	0.584181	-0.29114	hsa-miR-568
hsa-miR-145-5p	0.8723	0.5857807	0.30641	hsa-miR-145-5p
hsa-miR-511-5p	0.8757	0.589062	0.36746	hsa-miR-511-5p
hsa-miR-599	0.8819	0.5943205	-0.14463	hsa-miR-599
hsa-miR-152-3p	0.8843	0.5970304	0.33136	hsa-miR-152-3p
hsa-miR-202-3p	0.8847	0.5983162	-0.1145	hsa-miR-202-3p
hsa-miR-130b-3p	0.8921	0.6058828	-0.29959	hsa-miR-130b-3p
hsa-miR-6511a-3p	0.8921	0.6081181	-0.1217	hsa-miR-6511a-3p
hsa-miR-887-5p	0.8921	0.6081181	-0.1217	hsa-miR-887-5p
hsa-miR-378g	0.8921	0.6090621	0.22585	hsa-miR-378g
hsa-miR-137	0.8921	0.6095945	-0.08872	hsa-miR-137
hsa-miR-1279	0.8921	0.6098091	-0.43174	hsa-miR-1279
hsa-miR-328-3p	0.8933	0.6117053	0.18822	hsa-miR-328-3p
hsa-miR-339-5p	0.897	0.6153078	-0.38454	hsa-miR-339-5p
hsa-miR-585-3p	0.8983	0.6173417	-0.2932	hsa-miR-585-3p
hsa-miR-519d-3p	0.8988	0.6196547	-0.47797	hsa-miR-519d-3p
hsa-miR-1203	0.8988	0.6206933	-0.47977	hsa-miR-1203
hsa-miR-552-3p	0.8988	0.6210293	-0.206	hsa-miR-552-3p
hsa-miR-129-5p	0.8988	0.6219668	0.15021	hsa-miR-129-5p
hsa-miR-548k	0.902	0.6253155	-0.2589	hsa-miR-548k
hsa-miR-3615	0.905	0.6284491	-0.18519	hsa-miR-3615
hsa-miR-1307-3p	0.9074	0.6312136	-0.42947	hsa-miR-1307-3p
hsa-miR-5196-5p	0.9078	0.6325999	-0.40757	hsa-miR-5196-5p
hsa-miR-1304-5p	0.9079	0.633743	-0.38807	hsa-miR-1304-5p
LIG_POS_A	0.9079	0.6358254	0.05258	
NEG_D	0.9079	0.6359912	0.43421	
hsa-miR-922	0.9082	0.6372791	-0.2737	hsa-miR-922
hsa-miR-519b-5p+hsa-miR-519c-5p+hsa-miR-523-5p+hsa-miR-518e-5p+hsa-miR-522-5p+hsa-miR-519a-5p	0.9095	0.6392657	0.26466	hsa-miR-519b-5p+hsa-miR-519c-5p+hsa-miR-523-5p+hsa-miR-518e-5p+hsa-miR-522-5p+hsa-miR-519a-5p
hsa-miR-485-5p	0.9105	0.6412914	-0.13064	hsa-miR-485-5p
hsa-miR-548aa+hsa-miR-548t-3p	0.9105	0.643013	-0.35633	hsa-miR-548aa+hsa-miR-548t-3p
hsa-miR-942-5p	0.9105	0.6437757	-0.17579	hsa-miR-942-5p
hsa-miR-885-3p	0.9105	0.6443879	-0.28081	hsa-miR-885-3p
hsa-miR-1257	0.9129	0.6497839	0.30623	hsa-miR-1257
hsa-miR-147a	0.9129	0.6502185	-0.41694	hsa-miR-147a
hsa-miR-410-3p	0.9129	0.6506882	-0.1317	hsa-miR-410-3p
hsa-miR-214-3p	0.9129	0.6514941	-0.37773	hsa-miR-214-3p
hsa-miR-1276	0.9129	0.6516007	-0.18398	hsa-miR-1276
LIG_NEG_C	0.913	0.6567599	0.47385	
hsa-miR-526a+hsa-miR-518c-5p+hsa-miR-518d-5p	0.913	0.6570607	-0.29564	hsa-miR-526a+hsa-miR-518c-5p+hsa-miR-518d-5p
hsa-miR-342-3p	0.913	0.658721	0.32609	hsa-miR-342-3p
cel-miR-248	0.913	0.6590124	0.10213	cel-miR-248
hsa-miR-571	0.913	0.6593636	-0.37374	hsa-miR-571
hsa-miR-34c-3p	0.913	0.6604247	-0.3286	hsa-miR-34c-3p
hsa-miR-128-2-5p	0.913	0.6610751	-0.12142	hsa-miR-128-2-5p
hsa-miR-34c-5p	0.913	0.6610751	-0.12142	hsa-miR-34c-5p
hsa-miR-579-5p	0.913	0.6625843	0.40194	hsa-miR-579-5p
POS_D	0.913	0.6626817	-0.08566	
hsa-miR-409-3p	0.9182	0.667567	-0.18224	hsa-miR-409-3p
hsa-miR-151a-3p	0.9198	0.669863	0.2344	hsa-miR-151a-3p
hsa-miR-1206	0.925	0.6753517	0.31532	hsa-miR-1206
hsa-miR-107	0.925	0.6758851	-0.20601	hsa-miR-107
hsa-miR-484	0.9297	0.6804144	-0.185	hsa-miR-484
hsa-miR-424-5p	0.9323	0.6839517	-0.35043	hsa-miR-424-5p
B2M	0.9323	0.6850733	0.37072	
hsa-miR-4787-5p	0.9323	0.6857316	-0.37619	hsa-miR-4787-5p
hsa-miR-5010-3p	0.9347	0.688612	-0.09315	hsa-miR-5010-3p
hsa-miR-4741	0.9359	0.6918988	0.16526	hsa-miR-4741
hsa-miR-3928-3p	0.9359	0.6919128	0.33401	hsa-miR-3928-3p
hsa-let-7e-5p	0.9359	0.696128	-0.20132	hsa-let-7e-5p
hsa-miR-302e	0.9359	0.6973169	0.3243	hsa-miR-302e
hsa-miR-513c-5p	0.9359	0.6979152	-0.23482	hsa-miR-513c-5p
hsa-let-7b-5p	0.9359	0.6989941	0.12064	hsa-let-7b-5p
hsa-miR-548y	0.9359	0.6994909	-0.22437	hsa-miR-548y
hsa-miR-548ar-5p	0.9359	0.7033132	-0.36546	hsa-miR-548ar-5p
POS_C	0.9359	0.7040299	0.06064	
hsa-miR-193b-3p	0.9359	0.7055852	-0.07763	hsa-miR-193b-3p
hsa-miR-499b-5p	0.9359	0.7055904	-0.31237	hsa-miR-499b-5p
hsa-miR-190a-3p	0.9359	0.7060415	-0.35383	hsa-miR-190a-3p
hsa-miR-146b-5p	0.9359	0.7073842	-0.17089	hsa-miR-146b-5p
hsa-miR-1306-3p	0.9359	0.7076416	0.18246	hsa-miR-1306-3p
hsa-miR-591	0.9359	0.7085366	-0.31306	hsa-miR-591
hsa-miR-1234-3p	0.9359	0.708756	-0.3039	hsa-miR-1234-3p
hsa-miR-379-5p	0.9359	0.7094398	0.30589	hsa-miR-379-5p
hsa-miR-770-5p	0.9359	0.7110082	-0.27974	hsa-miR-770-5p
hsa-let-7c-5p	0.9359	0.7111542	0.29381	hsa-let-7c-5p
hsa-miR-1224-5p	0.9359	0.7166264	0.10604	hsa-miR-1224-5p
hsa-miR-186-5p	0.9359	0.7170644	-0.25464	hsa-miR-186-5p
hsa-miR-376a-2-5p	0.9359	0.7172183	-0.32776	hsa-miR-376a-2-5p
hsa-miR-660-3p	0.9359	0.7172935	-0.15237	hsa-miR-660-3p
hsa-miR-584-3p	0.9359	0.7174706	0.15458	hsa-miR-584-3p
hsa-miR-217	0.9359	0.7177657	-0.33662	hsa-miR-217
hsa-miR-3195	0.9398	0.7219935	-0.09779	hsa-miR-3195
hsa-miR-95-3p	0.9398	0.723678	-0.19693	hsa-miR-95-3p
hsa-miR-140-5p	0.9398	0.724154	-0.32027	hsa-miR-140-5p
hsa-miR-3613-5p	0.9403	0.7256615	0.20582	hsa-miR-3613-5p
hsa-miR-301a-3p	0.9407	0.7271447	-0.16936	hsa-miR-301a-3p
hsa-miR-128-1-5p	0.9414	0.7288186	-0.25886	hsa-miR-128-1-5p
hsa-miR-92b-3p	0.942	0.7304124	-0.28593	hsa-miR-92b-3p
hsa-miR-518e-3p	0.9434	0.7335932	0.12692	hsa-miR-518e-3p
hsa-miR-509-3p	0.9434	0.7337503	-0.27254	hsa-miR-509-3p
hsa-miR-219a-5p	0.9452	0.7363117	0.15846	hsa-miR-219a-5p
hsa-miR-371b-5p	0.9455	0.7382738	-0.30391	hsa-miR-371b-5p
hsa-miR-181c-5p	0.9455	0.7388357	-0.07718	hsa-miR-181c-5p
hsa-miR-582-5p	0.9477	0.7418761	0.18566	hsa-miR-582-5p
hsa-miR-671-5p	0.9477	0.7438897	-0.23045	hsa-miR-671-5p
hsa-miR-210-5p	0.9477	0.744001	0.10483	hsa-miR-210-5p
hsa-miR-561-3p	0.9482	0.7461159	-0.1163	hsa-miR-561-3p
hsa-miR-301a-5p	0.9482	0.7466429	-0.15168	hsa-miR-301a-5p
hsa-miR-3136-5p	0.9489	0.7507819	0.17754	hsa-miR-3136-5p
hsa-miR-548e-5p	0.9489	0.7521729	0.06802	hsa-miR-548e-5p
hsa-miR-30a-5p	0.9489	0.7541189	0.18209	hsa-miR-30a-5p
hsa-miR-139-3p	0.9489	0.7544324	-0.27958	hsa-miR-139-3p
hsa-miR-125b-5p	0.9489	0.754906	0.13375	hsa-miR-125b-5p
hsa-miR-1228-3p	0.9489	0.7550354	-0.12235	hsa-miR-1228-3p
hsa-miR-548a-5p	0.9489	0.7554259	-0.21005	hsa-miR-548a-5p
LIG_POS_C	0.9489	0.7572068	0.04899	
hsa-miR-1205	0.9489	0.7575326	-0.25727	hsa-miR-1205
hsa-miR-578	0.9521	0.7619042	0.0966	hsa-miR-578
hsa-miR-891b	0.9521	0.7632473	0.12624	hsa-miR-891b
hsa-miR-548ak	0.9521	0.7640829	0.17637	hsa-miR-548ak
hsa-miR-4284	0.9521	0.7646387	0.07928	hsa-miR-4284
hsa-miR-548i	0.9531	0.7666497	-0.23854	hsa-miR-548i
hsa-miR-377-3p	0.96	0.7733334	0.14855	hsa-miR-377-3p
hsa-miR-888-5p	0.9629	0.7768355	-0.13895	hsa-miR-888-5p
hsa-miR-200c-3p	0.9635	0.7784627	-0.22514	hsa-miR-200c-3p
hsa-miR-1307-5p	0.965	0.7833134	-0.26331	hsa-miR-1307-5p
hsa-miR-567	0.965	0.7860625	-0.13954	hsa-miR-567
hsa-miR-542-5p	0.965	0.7879731	-0.20541	hsa-miR-542-5p
hsa-miR-566	0.965	0.7894711	0.1991	hsa-miR-566
hsa-miR-224-5p	0.965	0.7907821	0.11411	hsa-miR-224-5p
hsa-let-7a-5p	0.965	0.7907966	0.0488	hsa-let-7a-5p
hsa-miR-584-5p	0.965	0.7916967	0.20718	hsa-miR-584-5p
hsa-miR-99b-5p	0.965	0.793379	-0.15463	hsa-miR-99b-5p
hsa-miR-139-5p	0.965	0.7941407	-0.21635	hsa-miR-139-5p
hsa-miR-1306-5p	0.965	0.7949433	-0.19013	hsa-miR-1306-5p
hsa-miR-608	0.965	0.7955144	0.19786	hsa-miR-608
hsa-miR-1261	0.965	0.795648	0.23091	hsa-miR-1261
hsa-miR-520d-3p	0.965	0.7964824	-0.1835	hsa-miR-520d-3p
hsa-miR-1910-5p	0.965	0.7977945	0.09226	hsa-miR-1910-5p
hsa-miR-561-5p	0.965	0.7995926	-0.25017	hsa-miR-561-5p
POS_B	0.965	0.799709	0.04136	
hsa-miR-99a-5p	0.965	0.8020199	0.07339	hsa-miR-99a-5p
hsa-miR-151a-5p	0.965	0.8025734	-0.12902	hsa-miR-151a-5p
hsa-miR-324-3p	0.965	0.8047609	-0.14751	hsa-miR-324-3p
hsa-miR-450a-5p	0.965	0.8057214	-0.22964	hsa-miR-450a-5p
hsa-miR-512-5p	0.965	0.806011	0.08757	hsa-miR-512-5p
hsa-miR-616-3p	0.965	0.8081883	-0.20404	hsa-miR-616-3p
hsa-miR-125a-3p	0.965	0.8086117	-0.19426	hsa-miR-125a-3p
hsa-miR-514a-3p	0.965	0.8107263	0.06694	hsa-miR-514a-3p
hsa-miR-758-3p+hsa-miR-411-3p	0.965	0.8111638	0.16777	hsa-miR-758-3p+hsa-miR-411-3p
hsa-miR-518f-3p	0.965	0.8147938	-0.19892	hsa-miR-518f-3p
hsa-miR-371a-5p	0.965	0.8167913	0.21434	hsa-miR-371a-5p
RPL19	0.965	0.8188914	-0.06363	
hsa-miR-1197	0.965	0.8193264	0.11747	hsa-miR-1197
hsa-miR-365a-3p+hsa-miR-365b-3p	0.965	0.819551	-0.13765	hsa-miR-365a-3p+hsa-miR-365b-3p
hsa-miR-423-3p	0.965	0.8197455	-0.20431	hsa-miR-423-3p
hsa-miR-644a	0.965	0.8213575	-0.09327	hsa-miR-644a
hsa-miR-548j-3p	0.965	0.8217832	0.09028	hsa-miR-548j-3p
hsa-miR-127-5p	0.965	0.8221683	0.05335	hsa-miR-127-5p
hsa-miR-1298-5p	0.965	0.8222005	-0.19764	hsa-miR-1298-5p
hsa-miR-1289	0.965	0.8228046	-0.18171	hsa-miR-1289
hsa-miR-1268a	0.965	0.8242739	0.19854	hsa-miR-1268a
hsa-miR-6724-5p	0.965	0.8243627	0.22047	hsa-miR-6724-5p
hsa-miR-9-5p	0.965	0.8255339	0.08107	hsa-miR-9-5p
hsa-miR-4421	0.965	0.8271265	-0.10189	hsa-miR-4421
hsa-miR-1293	0.965	0.8290865	-0.19169	hsa-miR-1293
hsa-miR-491-5p	0.965	0.8297392	0.0611	hsa-miR-491-5p
hsa-miR-665	0.965	0.8300828	-0.18548	hsa-miR-665
hsa-miR-215-5p	0.965	0.8323844	0.10637	hsa-miR-215-5p
hsa-miR-3185	0.965	0.8334577	-0.04232	hsa-miR-3185
hsa-miR-381-3p	0.965	0.8343285	0.16816	hsa-miR-381-3p
hsa-miR-3180-3p	0.965	0.8344572	0.1982	hsa-miR-3180-3p
hsa-miR-548ah-5p	0.967	0.8373964	0.07942	hsa-miR-548ah-5p
hsa-miR-4451	0.9684	0.840584	-0.18902	hsa-miR-4451
hsa-miR-346	0.9684	0.8426154	0.12167	hsa-miR-346
hsa-miR-374a-3p	0.9684	0.8430325	-0.17197	hsa-miR-374a-3p
hsa-miR-499b-3p	0.9684	0.845433	-0.14695	hsa-miR-499b-3p
hsa-miR-381-5p	0.9684	0.8456538	-0.07758	hsa-miR-381-5p
hsa-miR-1266-5p	0.9684	0.8460267	-0.1734	hsa-miR-1266-5p
hsa-miR-141-3p	0.9684	0.8467455	0.17557	hsa-miR-141-3p
hsa-miR-190b	0.9684	0.848242	-0.15973	hsa-miR-190b
hsa-miR-7-5p	0.9684	0.8513823	-0.11736	hsa-miR-7-5p
hsa-miR-330-3p	0.9684	0.8524068	-0.04244	hsa-miR-330-3p
hsa-miR-412-3p	0.9684	0.8525179	0.08408	hsa-miR-412-3p
hsa-miR-514b-5p	0.9684	0.8535286	0.07778	hsa-miR-514b-5p
hsa-miR-3190-3p	0.9684	0.8550153	-0.05614	hsa-miR-3190-3p
hsa-miR-193a-3p	0.9684	0.8553193	0.15716	hsa-miR-193a-3p
hsa-miR-29c-3p	0.9684	0.8570118	-0.07319	hsa-miR-29c-3p
hsa-miR-376c-3p	0.9684	0.8583995	0.10669	hsa-miR-376c-3p
hsa-miR-1258	0.9684	0.8586169	0.17011	hsa-miR-1258
hsa-miR-1537-3p	0.9684	0.8620982	0.07988	hsa-miR-1537-3p
hsa-miR-30e-3p	0.9684	0.8649253	-0.07959	hsa-miR-30e-3p
hsa-miR-548m	0.9684	0.8660049	-0.11975	hsa-miR-548m
hsa-miR-640	0.9684	0.866029	0.13669	hsa-miR-640
osa-miR414	0.9684	0.8664367	-0.04157	osa-miR414
hsa-miR-449c-5p	0.9684	0.8686262	-0.13958	hsa-miR-449c-5p
hsa-miR-516a-3p+hsa-miR-516b-3p	0.9684	0.8694853	0.15045	hsa-miR-516a-3p+hsa-miR-516b-3p
hsa-miR-876-3p	0.9684	0.8698645	-0.07058	hsa-miR-876-3p
hsa-miR-601	0.9684	0.87036	-0.1038	hsa-miR-601
hsa-miR-517a-3p	0.9684	0.87339	0.0924	hsa-miR-517a-3p
hsa-miR-1291	0.9684	0.8735659	-0.08207	hsa-miR-1291
hsa-miR-889-3p	0.9684	0.8750971	0.14706	hsa-miR-889-3p
hsa-miR-433-5p	0.9684	0.8757857	-0.12877	hsa-miR-433-5p
hsa-miR-216a-5p	0.9684	0.8758017	-0.14291	hsa-miR-216a-5p
hsa-miR-378c	0.9684	0.8770535	0.04247	hsa-miR-378c
hsa-miR-367-3p	0.9684	0.8781548	0.06212	hsa-miR-367-3p
hsa-miR-5196-3p+hsa-miR-6732-3p	0.9684	0.8799407	-0.13754	hsa-miR-5196-3p+hsa-miR-6732-3p
hsa-miR-499a-5p	0.9684	0.880339	0.05847	hsa-miR-499a-5p
hsa-miR-483-3p	0.9684	0.8806612	-0.13437	hsa-miR-483-3p
hsa-miR-302b-3p	0.9714	0.8867007	-0.10505	hsa-miR-302b-3p
hsa-miR-4454+hsa-miR-7975	0.9714	0.888852	-0.05727	hsa-miR-4454+hsa-miR-7975
hsa-miR-124-3p	0.9714	0.8890264	-0.0497	hsa-miR-124-3p
hsa-miR-203a-5p	0.9714	0.8900074	-0.08371	hsa-miR-203a-5p
hsa-miR-18a-5p	0.9714	0.8907148	-0.06858	hsa-miR-18a-5p
cel-miR-254	0.9714	0.8909303	0.09186	cel-miR-254
hsa-miR-1269a	0.9714	0.89165	-0.10216	hsa-miR-1269a
hsa-miR-372-3p	0.9716	0.8932428	-0.11005	hsa-miR-372-3p
hsa-miR-2053	0.9716	0.896558	-0.11409	hsa-miR-2053
hsa-miR-489-3p	0.9716	0.8972411	-0.11031	hsa-miR-489-3p
hsa-miR-212-3p	0.9716	0.897855	0.13411	hsa-miR-212-3p
hsa-miR-135b-5p	0.9716	0.8980889	-0.10699	hsa-miR-135b-5p
hsa-miR-620	0.9716	0.8988847	-0.10466	hsa-miR-620
hsa-miR-604	0.9731	0.901378	0.09713	hsa-miR-604
hsa-miR-541-3p	0.9749	0.9042205	0.10058	hsa-miR-541-3p
hsa-miR-30c-5p	0.9751	0.9059034	-0.10012	hsa-miR-30c-5p
hsa-miR-942-3p	0.9751	0.9071447	0.04915	hsa-miR-942-3p
hsa-miR-31-5p	0.9751	0.9088083	-0.03901	hsa-miR-31-5p
hsa-miR-320b	0.9751	0.9095197	-0.04175	hsa-miR-320b
hsa-miR-450b-5p	0.9751	0.9102849	0.04688	hsa-miR-450b-5p
hsa-miR-138-5p	0.9751	0.9115471	0.06249	hsa-miR-138-5p
hsa-miR-339-3p	0.9773	0.9147773	-0.08797	hsa-miR-339-3p
hsa-miR-370-3p	0.9781	0.9166598	0.06485	hsa-miR-370-3p
hsa-miR-1285-5p	0.9795	0.9208562	0.04873	hsa-miR-1285-5p
hsa-miR-1285-3p	0.9795	0.9212056	-0.06901	hsa-miR-1285-3p
hsa-miR-190a-5p	0.9795	0.9215215	0.08194	hsa-miR-190a-5p
hsa-miR-521	0.981	0.926221	-0.0239	hsa-miR-521
NEG_A	0.981	0.9263748	0.01912	
hsa-miR-3144-3p	0.981	0.9264644	0.10088	hsa-miR-3144-3p
hsa-miR-486-3p	0.9813	0.9280038	0.03158	hsa-miR-486-3p
hsa-miR-663a	0.9822	0.9300036	-0.04498	hsa-miR-663a
hsa-miR-4532	0.9859	0.9346528	-0.02343	hsa-miR-4532
hsa-miR-1260b	0.9862	0.9386548	-0.02729	hsa-miR-1260b
hsa-miR-425-5p	0.9862	0.9422844	0.0202	hsa-miR-425-5p
hsa-miR-655-3p	0.9862	0.942309	-0.0242	hsa-miR-655-3p
hsa-miR-4707-5p	0.9862	0.9424663	-0.02988	hsa-miR-4707-5p
hsa-miR-28-5p	0.9862	0.9433471	-0.02662	hsa-miR-28-5p
hsa-miR-345-5p	0.9862	0.9433627	-0.02055	hsa-miR-345-5p
hsa-miR-335-5p	0.9862	0.9439634	-0.02188	hsa-miR-335-5p
hsa-miR-122-5p	0.9862	0.9445251	0.02289	hsa-miR-122-5p
hsa-miR-329-3p	0.9865	0.9459979	-0.01974	hsa-miR-329-3p
hsa-miR-638	0.9876	0.9505783	-0.02476	hsa-miR-638
hsa-miR-431-5p	0.9876	0.9529937	0.01797	hsa-miR-431-5p
hsa-miR-3182	0.9876	0.9552212	0.0519	hsa-miR-3182
hsa-miR-1295a	0.9876	0.9554129	-0.03891	hsa-miR-1295a
hsa-miR-92a-1-5p	0.9876	0.9558991	0.0286	hsa-miR-92a-1-5p
hsa-miR-337-5p	0.9876	0.9575134	0.02981	hsa-miR-337-5p
LIG_POS_B	0.9876	0.9576097	0.00584	
hsa-miR-300	0.9876	0.9579087	-0.02157	hsa-miR-300
hsa-miR-495-5p	0.9876	0.9590522	0.02905	hsa-miR-495-5p
hsa-miR-1260a	0.9876	0.9619166	0.01209	hsa-miR-1260a
hsa-miR-525-5p	0.9876	0.9623173	-0.02065	hsa-miR-525-5p
hsa-miR-506-3p	0.9876	0.9646883	0.02364	hsa-miR-506-3p
POS_A	0.9876	0.9647548	-0.00909	
hsa-miR-200b-3p	0.9876	0.9655928	-0.01524	hsa-miR-200b-3p
hsa-miR-1286	0.9876	0.9674251	0.02245	hsa-miR-1286
hsa-miR-1296-3p	0.9876	0.967814	-0.02096	hsa-miR-1296-3p
hsa-miR-320a	0.9876	0.9691143	-0.03174	hsa-miR-320a
hsa-miR-96-5p	0.9876	0.9696686	-0.0293	hsa-miR-96-5p
hsa-miR-492	0.9876	0.9697323	-0.01207	hsa-miR-492
hsa-miR-513a-5p	0.9876	0.9708682	0.03012	hsa-miR-513a-5p
hsa-miR-491-3p	0.9918	0.9761899	0.01507	hsa-miR-491-3p
hsa-miR-3934-5p	0.9961	0.9839001	0.01861	hsa-miR-3934-5p
hsa-miR-597-5p	0.9961	0.9840393	-0.01492	hsa-miR-597-5p
hsa-miR-222-3p	0.9961	0.9856944	-0.01205	hsa-miR-222-3p
hsa-miR-1271-3p	0.9961	0.9890579	-0.00607	hsa-miR-1271-3p
hsa-miR-1255a	0.9961	0.9890695	-0.00755	hsa-miR-1255a
hsa-miR-380-3p	0.9961	0.991187	0.00837	hsa-miR-380-3p
hsa-miR-153-3p	0.9961	0.9913264	0.00693	hsa-miR-153-3p
hsa-miR-382-5p	0.9961	0.9913293	-0.01025	hsa-miR-382-5p
hsa-miR-520c-3p	0.9961	0.9922966	0.00819	hsa-miR-520c-3p
hsa-miR-325	0.9961	0.9925049	0.00634	hsa-miR-325
hsa-miR-27a-3p	0.9994	0.9969362	-0.00225	hsa-miR-27a-3p
NEG_B	1	1	0	
NEG_G	1	1	0	
